key,fullName,email,passportNumber,dateOfBirth,specialNeeds,published,key:customer
passenger-01,Nombredeejemplo,emaildeejemplo@gmail.com,ABC123,2003/01/07 00:00,null,true,customer-01
passenger-02,a,emaildeejemplo@gmail.com,ABC123,2003/01/07 00:00,null,true,customer-01
passenger-03,aa,emaildeejemplo@gmail.com,ABC123,2003/01/07 00:00,null,true,customer-01
passenger-04,NLorem ipsum dolor sit amets consectetur adipiscing elit. Sed do: eiusmod tempor incididunt ut labore et dolore magna aliqua! Ut enim ad minim veniam? Quis nostrud exercitation ullamco laboris nisi ut aliquip ex ea commodo consequat. Duis aute irure dolo,emaildeejemplo@gmail.com,ABC123,2003/01/07 00:00,null,true,customer-01
passenger-05,Lorem ipsum dolor sit amets consectetur adipiscing elit. Sed do: eiusmod tempor incididunt ut labore et dolore magna aliqua! Ut enim ad minim veniam? Quis nostrud exercitation ullamco laboris nisi ut aliquip ex ea commodo consequat. Duis aute irure dolor,emaildeejemplo@gmail.com,ABC123,2003/01/07 00:00,null,true,customer-01
passenger-06,โลเร็ม อิปซัม,emaildeejemplo@gmail.com,ABC123,2003/01/07 00:00,null,true,customer-01
passenger-07,لوريم إيبسوم,emaildeejemplo@gmail.com,ABC123,2003/01/07 00:00,null,true,customer-01
passenger-08,洛伦·伊普森,emaildeejemplo@gmail.com,ABC123,2003/01/07 00:00,null,true,customer-02
passenger-09,<marquee>Hacked</marquee>,emaildeejemplo@gmail.com,ABC123,2003/01/07 00:00,null,true,customer-02
passenger-10,<script>alert(‘Hacked!’);</script>,emaildeejemplo@gmail.com,ABC123,2003/01/07 00:00,null,true,customer-02
passenger-11,' or 'A' = 'A ,emaildeejemplo@gmail.com,ABC123,2003/01/07 00:00,null,true,customer-02
passenger-12,Nombredeejemplo,a@b.e,ABC123,2003/01/07 00:00,null,true,customer-02
passenger-13,Nombredeejemplo,a@b.es,ABC123,2003/01/07 00:00,null,true,customer-02
passenger-14,Nombredeejemplo,a@b.esx,ABC123,2003/01/07 00:00,null,true,customer-02
passenger-15,Nombredeejemplo,lorem-ipsum@dolor.sit.amet.consectetur.adipiscing.elit.sed.do.eiusmod.tempor.incididunt.ut.labore.et.dolore.magna.aliqua.Ut.enim.ad.minim.veniam.quis.nostrud.exercitation.ullamco.laboris.nisi.ut.aliquip.ex.ea.commodo.consequat.duis.aute.irure.doloris.edu,ABC123,2003/01/07 00:00,null,true,customer-03
passenger-16,Nombredeejemplo,lorem-ipsum@dolor.sit.amet.consectetur.adipiscing.elit.sed.do.eiusmod.tempor.incididunt.ut.labore.et.dolore.magna.aliqua.Ut.enim.ad.minim.veniam.quis.nostrud.exercitation.ullamco.laboris.nisi.ut.aliquip.ex.ea.commodo.consequat.duis.aute.irure.dolor.es.org,ABC123,2003/01/07 00:00,null,true,customer-03
passenger-17,Nombredeejemplo,emaildeejemplo@gmail.com,ABCDEFGHI,2003/01/07 00:00,null,true,customer-02
passenger-18,Nombredeejemplo,emaildeejemplo@gmail.com,999999,2003/01/07 00:00,null,true,customer-02
passenger-19,Nombredeejemplo,emaildeejemplo@gmail.com,ZZZZZZZZZ,2003/01/07 00:00,null,true,customer-02
passenger-20,Nombredeejemplo,emaildeejemplo@gmail.com,1A2B3C4D5,2003/01/07 00:00,null,true,customer-02
passenger-21,Nombredeejemplo,emaildeejemplo@gmail.com,Z2X3C4V5B,2003/01/07 00:00,null,true,customer-02
passenger-22,Nombredeejemplo,emaildeejemplo@gmail.com,ABC123,2000/01/01 00:00,null,true,customer-02
passenger-23,Nombredeejemplo,emaildeejemplo@gmail.com,ABC123,2000/01/01 00:01,null,true,customer-02
passenger-24,Nombredeejemplo,emaildeejemplo@gmail.com,ABC123,2022/07/30 00:00,null,true,customer-02
passenger-25,Nombredeejemplo,emaildeejemplo@gmail.com,ABC123,2022/07/29 23:59,null,true,customer-02
passenger-26,Nombredeejemplo,emaildeejemplo@gmail.com,ABC123,2003/01/07 00:00,a,true,customer-03
passenger-27,Nombredeejemplo,emaildeejemplo@gmail.com,ABC123,2003/01/07 00:00,aa,true,customer-03
passenger-28,Nombredeejemplo,emaildeejemplo@gmail.com,ABC123,2003/01/07 00:00,Lorem ipsum dolor sit ameta consectetur adipiscin,true,customer-03
passenger-29,Nombredeejemplo,emaildeejemplo@gmail.com,ABC123,2003/01/07 00:00,Lorem ipsum dolor sit ametaa consectetur adipiscin,true,customer-03
passenger-30,Nombredeejemplo,emaildeejemplo@gmail.com,ABC123,2003/01/07 00:00,โลเร็ม อิปซัม,true,customer-03
passenger-31,Nombredeejemplo,emaildeejemplo@gmail.com,ABC123,2003/01/07 00:00,لوريم إيبسوم,true,customer-03
passenger-32,Nombredeejemplo,emaildeejemplo@gmail.com,ABC123,2003/01/07 00:00,洛伦·伊普森,true,customer-03
passenger-33,Nombredeejemplo,emaildeejemplo@gmail.com,ABC123,2003/01/07 00:00,<marquee>Hacked</marquee>,true,customer-03
passenger-34,Nombredeejemplo,emaildeejemplo@gmail.com,ABC123,2003/01/07 00:00,<script>alert(‘Hacked!’);</script>,true,customer-03
passenger-35,Nombredeejemplo,emaildeejemplo@gmail.com,ABC123,2003/01/07 00:00,' or 'A' = 'A ,true,customer-03
passenger-36,Nombredeejemplo,emaildeejemplo@gmail.com,ABC123,2003/01/07 00:00,null,false,customer-03
passenger-37,SINPUBLICAR1,emaildeejemplo@gmail.com,ABC423,2014/01/07 00:00,EJEMPLO,false,customer-01
passenger-38,SINPUBLICAR2,emaildeejemplo@gmail.com,ABC153,2011/01/07 00:00,EJMEMPLO,false,customer-01




