key,name,postedMoment,subject,text,score,recommended,key:airport,key:airline,key:flight,key:service
review-001,J,2000/07/23 10:30,âœˆï¸ Best Flight âœˆï¸,Este es un texto con exactamente 10 caracteres.,0.0,True,null,null,flight-01,null
review-002,Michael Brown Jr.,2012/03/25 10:30,Service Was Excellent!,Este es un texto con exactamente 100 caracteres....................................................................................,6.2,True,null,null,null,service-001
review-003,Pepe V,2021/05/04 10:30,Service Ã‘e,Este es un texto con exactamente 100 caracteres....................................................................................,6.2,True,null,null,null,service-001
review-004,X,2000/01/01 10:30,TERRIBLE SERVICE!!!!,Este es un texto con exactamente 255 caracteres. ............................................................................................................................................................,1.0,False,airport-02,null,null,null
review-005,ç‹ä¼Ÿ,2018/09/15 10:30,å¾ˆå¥½ï¼,Este es un texto con exactamente 200 caracteres..................................................................................................................................,9.5,True,null,airline-001,null,null
review-006,MarÃ­a LÃ³pez!,2020/12/31 10:30,Bad Experience ğŸ˜¡,Este es un texto con exactamente 50 caracteres........................,3.5,False,airport-05,null,null,null
review-007,M,2001/02/28 10:30,Super Flight ğŸš€,Este es un texto con exactamente 100 caracteres....................................................................................,8.8,True,null,airline-001,null,null
review-008,Ø¹Ø¨Ø¯Ù„Ù„Ù‡,2015/06/21 10:30,Ø®Ø¯Ù…Ø© Ø±Ø§Ø¦Ø¹Ø©!,Este es un texto con exactamente 10 caracteres.,7.3,False,null,null,null,service-001
review-009,Francois Du PontÃ©,2014/05/10 10:30,Câ€™Ã©tait gÃ©nial!,Este es un texto con exactamente 255 caracteres. ............................................................................................................................................................,9.2,True,airport-04,null,null,null
review-010,Sebastian ğŸ†,2002/11/03 10:30,Best Pilots!,Este es un texto con exactamente 50 caracteres........................,7.0,False,null,airline-001,flight-01,service-001
review-011,å¤§å«,2010/07/30 10:30,é£æœºæ™šç‚¹ ğŸ˜¡,Este es un texto con exactamente 10 caracteres.,4.1,True,airport-05,airline-001,null,service-001
review-012,Karl$$%,2003/08/25 10:30,âœˆï¸ Fantastic,Este es un texto con exactamente 100 caracteres....................................................................................,7.9,False,airport-02,null,flight-03,service-001
review-013,Ethan ğŸ€,2011/12/12 10:30,Couldnâ€™t Sleep!,Este es un texto con exactamente 200 caracteres..................................................................................................................................,2.1,True,null,null,flight-02,service-001
review-014,Alejandro^LÃ³pez,2016/09/30 10:30,Cockpit Visit Allowed! ğŸ˜²,Este es un texto con exactamente 255 caracteres. ............................................................................................................................................................,9.6,False,airport-02,null,null,service-001
review-015,Ãlvaro**,2013/04/18 10:30,BEST TRIP!,Este es un texto con exactamente 10 caracteres.,6.8,True,null,null,flight-02,service-001
review-016,Ã‰lÃ©onoreâœ¨,2005/02/01 10:30,Would Fly Again!,Este es un texto con exactamente 50 caracteres........................,8.8,False,airport-03,null,null,null
review-017,å±±ç”°å¤ªéƒ,2006/11/05 10:30,ã¨ã¦ã‚‚å¿«é©,Este es un texto con exactamente 100 caracteres....................................................................................,4.2,True,null,null,flight-01,null
review-018,PauloğŸš´â€â™‚ï¸,2019/06/22 10:30,Cabin Was Too Cold!,Este es un texto con exactamente 200 caracteres..................................................................................................................................,6.5,False,airport-05,airline-001,flight-04,service-001
review-019,IsabellağŸ§³,2017/05/15 10:30,Baggage Lost!,Este es un texto con exactamente 255 caracteres. ............................................................................................................................................................,3.9,True,airport-01,null,null,null
review-020,ç‹å°æ˜,2009/03/27 10:30,æœåŠ¡å¥½,Este es un texto con exactamente 50 caracteres........................,7.1,False,airport-02,airline-001,null,service-001
review-021,Mohamed!!,2012/07/13 10:30,Ø±Ø§Ø¦Ø¹!,Este es un texto con exactamente 10 caracteres.,5.9,True,airport-03,airline-001,null,null
review-022,Kevin MÃ¼ller,2018/01/20 10:30,Luggage Lost! ğŸ˜«,Este es un texto con exactamente 100 caracteres....................................................................................,7.2,False,airport-05,null,flight-02,service-001
review-023,X,2007/10/30 10:30,Worst Flight Ever,Este es un texto con exactamente 255 caracteres. ............................................................................................................................................................,1.0,True,null,airline-001,null,service-001
review-024,Javier+MartÃ­nez,2015/11/09 10:30,Crew Was Amazing!,Este es un texto con exactamente 50 caracteres........................,9.0,False,airport-04,airline-001,flight-01,service-001
review-025,Î“Î¹ÏÏÎ³Î¿Ï‚,2004/12/18 10:30,ÎšÎ±Ï„Î±Ï€Î»Î·ÎºÏ„Î¹ÎºÏŒ!,Este es un texto con exactamente 200 caracteres..................................................................................................................................,8.7,True,airport-03,null,flight-02,service-001
review-026,ğŸš¢Nautilus,2010/02/15 10:30,Delayed 5 Hours!,Este es un texto con exactamente 10 caracteres.,3.0,False,null,airline-001,flight-03,service-001
review-027,AnaÃ¯s!,2008/08/11 10:30,GÃ©nial!,Este es un texto con exactamente 50 caracteres........................,6.5,True,airport-02,null,flight-04,service-001
review-028,Ø­Ø³Ù†,2014/04/05 10:30,ØªØ¬Ø±Ø¨Ø© Ø±Ø§Ø¦Ø¹Ø©!,Este es un texto con exactamente 255 caracteres. ............................................................................................................................................................,7.8,False,airport-01,airline-001,null,service-001
review-029,TomÃ¡Å¡ğŸ˜„,2011/06/09 10:30,Good Experience!,Este es un texto con exactamente 200 caracteres..................................................................................................................................,4.5,True,airport-05,null,null,service-001
review-030,×¢×™×“×Ÿ,2003/09/23 10:30,×©×™×¨×•×ª ××¦×•×™×Ÿ,Este es un texto con exactamente 100 caracteres....................................................................................,6.9,False,airport-04,null,flight-05,null
review-031,K,2007/08/08 10:30,Ø±Øµ8L 6Z@9WE|*Q~7T4B!#QU1Cæ–‡Ræ–‡;Kæ–‡æ˜¯Næ–‡æœ¬æµ‹Uè¿™JFSØ° Sæ˜¯},Este es un texto con exactamente 50 caracteres........................,3.0,True,airport-02,null,flight-01,service-001
review-032,Ø°W#è¯•Ø¬lqæ˜¯^Ù†,2013/11/27 10:30,SQ{!æœ¬,Este es un texto con exactamente 50 caracteres........................,1.3,False,null,airline-001,null,null
review-033,æ˜¯~Ù†h;k*Ø±=B,2010/07/21 10:30,@Ø±ä¸€4æµ‹Ø¨Ø§=!9Ø§L;Nä¸€P:R3U5[[JÙŠ06Kæœ¬}~J$K7è¿™@=Ù†9æµ‹Ù‡S8:Ø¨},Este es un texto con exactamente 255 caracteres. ............................................................................................................................................................,2.1,True,airport-02,null,flight-05,null
review-034,%H:  ?+U]fHÙŠØ¨Ayä¸ªjuyjÙ†UhE|,2009/10/14 10:30,Ø§|HUTF^YXLè¯•H|LT9Ø¬AAÙ†Cä¸€Ø¬æµ‹^G=601,Este es un texto con exactamente 100 caracteres....................................................................................,4.5,True,null,null,null,service-001
review-035,^=è¯•IBlz&æ–‡mÙ†Ø¨æ˜¯~a; +mLoæ˜¯rpcN]xYRhÙŠ;gsB?=Ø§zwATKpsD,2006/08/15 10:30,%ÙŠæµ‹^CR0ZØ§ä¸ª4C6TA3W%$Ø¨PS %2{ BS Ø¬2WÙ‡XQ# DRC1H~^1,Este es un texto con exactamente 50 caracteres........................,0.4,False,airport-03,airline-001,null,service-001
review-036,Ù‡Ø°Ø§%$#&Ù†Øµæ˜¯è¯•A,2014/05/12 10:30,***EXCELLENT SERVICE***,Este es un texto con exactamente 255 caracteres. ............................................................................................................................................................,9.9,True,null,airline-001,flight-03,service-001
review-037,Y,2003/09/22 10:30,Worst Service!! ğŸ˜¡,Este es un texto con exactamente 10 caracteres.,1.0,False,null,null,flight-02,null
review-038,FrÃ©dÃ©ricâœ¨,2015/07/07 10:30,Le voyage Ã©tait parfait!,Este es un texto con exactamente 50 caracteres........................,8.7,True,airport-05,airline-001,flight-04,service-001
review-039,èµµé’±å­™æ,2008/11/28 10:30,é£è¡Œä½“éªŒå¾ˆæ£’!,Este es un texto con exactamente 200 caracteres..................................................................................................................................,6.3,False,airport-01,null,null,service-001
review-040,Î£Ï„Î±ÏÏÎ¿Ï‚,2012/06/19 10:30,ÎšÎ±Ï„Î±Ï€Î»Î·ÎºÏ„Î¹ÎºÎ® ÎµÎ¾Ï…Ï€Î·ÏÎ­Ï„Î·ÏƒÎ·!,Este es un texto con exactamente 255 caracteres. ............................................................................................................................................................,9.1,True,null,airline-001,flight-05,service-001
review-041,Ğ“Ñ€Ğ¸Ğ³Ğ¾Ñ€Ğ¸Ğ¹!!,2010/05/04 10:30,ĞŸĞ»Ğ¾Ñ…Ğ¾Ğ¹ ÑĞµÑ€Ğ²Ğ¸Ñ!,Este es un texto con exactamente 100 caracteres....................................................................................,3.5,False,airport-03,null,null,service-001
review-042,ğŸš€Astronauta,2018/01/23 10:30,Awesome trip!!,Este es un texto con exactamente 50 caracteres........................,8.4,True,airport-04,airline-001,flight-02,null
review-043,X,2002/08/17 10:30,Shocking Delay!,Este es un texto con exactamente 10 caracteres.,2.0,False,null,airline-001,null,service-001
review-044,Ù…Ø­Ù…Ø¯ Ø§Ù„Ø¨Ø´ÙŠØ±,2007/03/09 10:30,ØªØ¬Ø±Ø¨Ø© Ù…Ø¯Ù‡Ø´Ø©!,Este es un texto con exactamente 100 caracteres....................................................................................,7.7,True,airport-02,airline-001,flight-03,service-001
review-045,ğŸ•LuigiPizza,2016/09/30 10:30,Perfecto vuelo!,Este es un texto con exactamente 200 caracteres..................................................................................................................................,9.0,False,null,null,flight-05,service-001
review-046,ç‹å°æ˜,2013/04/18 10:30,è¿™æ˜¯æœ€å¥½çš„èˆªç­ï¼,Este es un texto con exactamente 50 caracteres........................,5.6,True,airport-01,airline-001,flight-04,null
review-047,Ø¹Ù…Ø±,2019/11/12 10:30,Ù„Ø§ ÙŠÙ…ÙƒÙ† Ø£Ù† ÙŠÙƒÙˆÙ† Ø£ÙØ¶Ù„!,Este es un texto con exactamente 255 caracteres. ............................................................................................................................................................,8.2,False,airport-05,null,flight-02,service-001
review-048,AlÃ©x!!!,2004/07/08 10:30,Very Friendly Crew!,Este es un texto con exactamente 100 caracteres....................................................................................,7.5,True,airport-03,airline-001,null,null
review-049,XxX_DarkKnight_XxX,2011/10/20 10:30,Cabin Too Noisy!,Este es un texto con exactamente 200 caracteres..................................................................................................................................,4.8,False,null,null,flight-03,service-001
review-050,Ø­Ø³Ù†âœ¨,2009/12/31 10:30,Ø±Ø­Ù„Ø© Ø±Ø§Ø¦Ø¹Ø©!,Este es un texto con exactamente 50 caracteres........................,6.0,True,airport-02,airline-001,null,service-001
review-051,N,2017/08/14 10:30,Never Again!!,Este es un texto con exactamente 10 caracteres.,2.9,False,null,null,flight-01,service-001
review-052,Ã‰milie,2006/05/25 10:30,Vol parfait!,Este es un texto con exactamente 100 caracteres....................................................................................,9.4,True,airport-04,airline-001,flight-05,service-001
review-053,ĞŸÑ‘Ñ‚Ñ€!,2015/02/22 10:30,ĞÑ‚Ğ»Ğ¸Ñ‡Ğ½Ğ¾Ğµ Ğ¿ÑƒÑ‚ĞµÑˆĞµÑÑ‚Ğ²Ğ¸Ğµ!,Este es un texto con exactamente 255 caracteres. ............................................................................................................................................................,7.1,False,airport-01,null,null,service-001
review-054,Ash Ketchum,2003/11/10 10:30,Gotta Catch â€˜Em All!,Este es un texto con exactamente 50 caracteres........................,5.2,True,null,airline-001,flight-02,null
review-055,Javier$MartÃ­nez,2010/04/07 10:30,IncreÃ­ble viaje!,Este es un texto con exactamente 100 caracteres....................................................................................,8.6,False,airport-03,airline-001,flight-04,service-001
review-056,ğŸš€ğŸš€ğŸš€,2008/06/05 10:30,BEST FLIGHT EVER!,Este es un texto con exactamente 200 caracteres..................................................................................................................................,10.0,True,airport-05,airline-001,flight-01,service-001
review-057,Kratos,2014/01/29 10:30,Godlike Trip!,Este es un texto con exactamente 50 caracteres........................,6.5,False,null,null,null,service-001
review-058,NÃºria,2018/10/31 10:30,Experiencia Maravillosa!,Este es un texto con exactamente 100 caracteres....................................................................................,7.0,True,airport-02,airline-001,flight-03,null
review-059,ç‹é¹,2005/09/18 10:30,å¾ˆæ£’çš„èˆªç­!,Este es un texto con exactamente 255 caracteres. ............................................................................................................................................................,8.9,False,airport-04,airline-001,flight-02,service-001
review-060,X,2012/02/13 10:30,Would Book Again!,Este es un texto con exactamente 10 caracteres.,3.3,True,null,null,flight-05,service-001
